Company,Website,Target Persona,Signal Cluster,Deterministic Evidence,Opening Angle
ZenPilot,https://zenpilot.com,Gray MacKenzie (Co-Founder & CEO),Cluster 01: Inactive Rainmaker,Co-Founder with 8k+ followers; personal posting cadence stalled due to intensive client ClickUp implementation sprints; high-ticket advisory retainers.,"Your personal LinkedIn presence built strong authority in the agency operations space, but client onboarding sprints have kept your personal feed quiet over the last two months. When founders go heads-down on client delivery, top-of-funnel inbound dries up right when capacity opens. Would you be open to seeing how we keep practitioner content and partner DMs running from your profile without taking your time?"
Carabiner Group,https://carabinergroup.com,Seamus Ruane (Founder & CEO),Cluster 01: Inactive Rainmaker,Founder with deep RevOps network; personal posting has lagged while firm recruits senior RevOps architects; high-ticket $5k-$15k/mo advisory retainers.,"Carabiner Group's growth in fractional RevOps demonstrates high market demand, but managing client sprints inevitably pulls leadership away from regular LinkedIn posting. In advisory services, keeping your personal profile active is what drives high-ticket founder-to-founder referrals. Are you open to seeing how we manage practitioner content and warm DMs directly from your account?"
Altitude Marketing,https://altitudemarketing.com,Andrew Stanten (President & Founder),Cluster 01: Inactive Rainmaker,Boutique agency founder with 4k+ connections; personal posts are weeks apart while client campaigns dominate daily agency bandwidth.,"Your agency produces extensive client marketing, but as founder, finding 5 hours a week to write personal LinkedIn perspectives consistently takes a backseat to client deadlines. For high-ticket B2B retainers, buyers look for the founder's personal point of view before signing. Would it be helpful to see how we maintain your personal thought leadership and direct conversations at a flexible retainer?"
Simple Machines Marketing,https://simplemachinesmarketing.com,CJ Maurer (Founder & Managing Partner),Cluster 01: Inactive Rainmaker,Founder with strong B2B marketing track record; personal profile updates have lapsed over the trailing 60 days while firm delivers client campaigns.,"You have built a premier B2B marketing boutique in Chicago, but running client fulfillment inevitably creates gaps in your personal LinkedIn publishing schedule. When prospects evaluate high-ticket agency partners, an active founder profile provides immediate social proof. Are you open to seeing how we keep your feed and outreach active on a pure performance per-call model?"
Growth Plays,https://growthplays.com,John-Henry Scherck (Principal & Founder),Cluster 01: Inactive Rainmaker,Well-known SEO and content strategist; irregular personal posting cadence while advising enterprise tech clients on search architecture.,"Your teardowns and search frameworks carry deep credibility in the SaaS ecosystem, but client strategy engagements leave little time to consistently nurture executive conversations on LinkedIn. Having a dedicated team manage your personal publishing and direct outreach keeps high-intent pipeline warm between project sprints. Would you be open to reviewing how our managed LinkedIn workflow works?"
Ironpaper,https://ironpaper.com,Jonathan Kestenbaum (Founder & Director),Cluster 02: Company Page Trap,Corporate company page publishes graphic carousels 3x weekly with 2 to 4 internal employee likes; leadership personal feeds are largely inactive.,"Ironpaper's company LinkedIn page maintains a consistent publishing schedule, but corporate brand posts receive single-digit engagement because the platform algorithm heavily prioritizes personal profiles. Mid-market B2B executives rarely engage with company logos; they engage with founders and directors. Are you open to seeing how shifting that content engine into personal profiles generates direct inbound conversations?"
Skaled Consulting,https://skaled.com,Jake Dunlap (CEO & Founder),Cluster 02: Company Page Trap,Company LinkedIn page distributes branded templates and event links with low engagement; significant untapped opportunity in structured direct message outreach to sales executives.,"Your team shares valuable sales frameworks through the corporate page, but company pages capture only a fraction of the reach that personal executive profiles generate on LinkedIn today. Turning those frameworks into direct, 1-on-1 practitioner conversations is where high-ticket consulting calls actually get booked. Would you be open to seeing how we manage executive outbound directly through your profile?"
Founders Approach,https://foundersapproach.com,Kevin Holmes (Founder & CEO),Cluster 02: Company Page Trap,Company page posts graphic updates with 1-2 likes; founder profile has thousands of connections but zero systematic direct outreach motion.,"Your company LinkedIn page regularly broadcasts software case studies, but company page reach is constrained while your personal network remains unmonetized. Founders buying custom software development look for direct peer relationships rather than agency marketing feeds. Are you open to seeing how we turn your personal LinkedIn account into a predictable meeting channel on a $200 per-call model?"
Single Grain,https://singlegrain.com,Eric Siu (Chairman & CEO),Cluster 02: Company Page Trap,Corporate agency page publishes repurposed blog snippets with low organic reach; personal executive brand has massive untapped reach for tailored direct message pipeline generation.,"Single Grain's company feed shares steady digital marketing tips, but corporate page distribution captures very little executive attention compared to direct personal profile dialogues. High-ticket enterprise retainers come from peer-to-peer relationships rather than company broadcasts. Would it be helpful to see how we run 1-on-1 executive outreach directly from your inbox?"
Kruse Control Inc,https://krusecontrolinc.com,Kathi Kruse (Founder & Principal),Cluster 02: Company Page Trap,Company page shares automotive retail links with minimal engagement; personal profile has deep industry credibility but lacks dedicated daily conversation management.,"Your company page shares thoughtful dealership transformation insights, but corporate posts rarely reach decision-makers who spend their time reading personal executive commentary. In automotive and executive advisory, direct personal outreach is what initiates high-trust advisory discussions. Are you open to reviewing how we manage content and direct messaging from your personal profile?"
Refine Labs,https://refinelabs.com,Megan Bowen (Chief Executive Officer),Cluster 03: High Deal Value,High-ticket advisory retainers ($20k+/month); zero active paid ad spend; relies entirely on organic word of mouth and podcast ecosystem with zero proactive LinkedIn outbound.,"Refine Labs built an iconic brand on dark social, but with high-ticket retainers exceeding $20k, adding a proactive executive conversation channel creates predictable downside protection. Relying purely on organic discovery leaves high-intent accounts uncontacted during quarterly planning cycles. Would you be open to seeing how we run low-friction, value-first direct messages from your leadership profiles?"
Winning by Design,https://winningbydesign.com,Jacco van der Kooij (Founder & CEO),Cluster 03: High Deal Value,Multi-five-figure consulting engagements; no active paid lead gen ads; sales leadership relies on inbound brand awareness without structured personal direct messaging.,"Your revenue architecture models are the gold standard for B2B tech, but many growth-stage companies needing sales design never reach out because they assume you only work with enterprise tier clients. A single booked advisory call can be worth $40k to your firm, making proactive profile conversations asymmetric. Are you open to seeing how our $200 per-call model works for leadership accounts?"
Predictable Revenue,https://predictablerevenue.com,Collin Stewart (CEO & Co-Founder),Cluster 03: High Deal Value,High-ticket sales consulting and SDR pod management; no active paid advertising on LinkedIn; reliance on podcast and newsletter inbound.,"You literally wrote the book on outbound sales, yet many B2B executives who listen to your podcast never initiate a formal consultation call on their own. Managing personal LinkedIn interactions and direct conversations allows you to identify those warm listeners and guide them into qualified exploratory calls. Would you be open to seeing how we handle direct profile management?"
Directive Consulting,https://directiveconsulting.com,Garrett Mehrguth (CEO & Founder),Cluster 03: High Deal Value,Retainers starting at $10k+/month; extensive executive network; no systematic 1-on-1 personal profile outbound running to SaaS CMOs.,"Directive's Customer Generation methodology has transformed SaaS performance marketing, but enterprise CMOs often need personal peer dialogue before initiating agency RFPs. A single closed client retainer pays for months of marketing investment, making direct LinkedIn conversations highly lucrative. Are you open to exploring our done-for-you profile management workflow?"
Kalungi,https://kalungi.com,Stijn Hendrikse (Co-Founder & CMO),Cluster 03: High Deal Value,High-ticket full-funnel SaaS marketing engagements ($15k-$30k/mo); zero active paid search or social ads; relies purely on founder books and referral flow.,"Kalungi's T2D3 framework is widely respected across early-stage B2B SaaS, but founders navigating the scaling phase rarely stop to fill out agency contact forms. Managing daily conversations and thought leadership from your personal account creates a steady stream of founder-to-founder exploratory calls. Would it be helpful to see how we run this with no fixed outcome promises and a $200 per-call fee?"
